City_ID,City,Lat,Lng,Max Temp,Humidity,Cloudiness,Wind Speed,Country,Date
0,san patricio,28.017,-97.5169,11.92,49,95,7.53,-97.5169,-97.5169
1,newnham,-41.3833,147.1333,5.53,75,72,0.0,147.1333,147.1333
2,tiksi,71.6872,128.8694,-16.71,98,100,4.37,128.8694,128.8694
3,walvis bay,-22.9575,14.5053,17.27,73,18,3.55,14.5053,14.5053
4,st. john's,47.5649,-52.7093,3.97,89,97,1.79,-52.7093,-52.7093
5,thompson,55.7435,-97.8558,-4.57,59,99,4.7,-97.8558,-97.8558
6,punta arenas,-53.15,-70.9167,8.95,45,62,2.04,-70.9167,-70.9167
7,port-aux-francais,-49.35,70.2167,3.96,92,100,15.09,70.2167,70.2167
8,prince rupert,54.3161,-130.3201,6.25,54,100,2.4,-130.3201,-130.3201
9,thunder bay,48.4001,-89.3168,-0.1,41,24,4.27,-89.3168,-89.3168
10,itaocara,-21.6692,-42.0761,30.53,66,94,2.14,-42.0761,-42.0761
11,olinda,-8.0089,-34.8553,28.85,58,40,5.14,-34.8553,-34.8553
12,talnakh,69.4865,88.3972,-14.33,99,98,2.42,88.3972,88.3972
13,la'ie,21.6477,-157.9253,23.36,85,0,0.66,-157.9253,-157.9253
14,beylikova,39.6869,31.2056,19.62,42,56,2.43,31.2056,31.2056
15,wailua homesteads,22.0669,-159.378,21.44,84,20,2.57,-159.378,-159.378
16,kapuskasing,49.4169,-82.4331,-1.98,54,95,3.23,-82.4331,-82.4331
17,puerto natales,-51.7236,-72.4875,9.25,40,0,5.66,-72.4875,-72.4875
18,tolanaro,-25.0319,46.9987,21.06,91,100,4.52,46.9987,46.9987
19,aitape,-3.1374,142.3475,25.1,90,49,1.72,142.3475,142.3475
20,vilyuchinsk,52.9306,158.4028,1.63,77,66,2.27,158.4028,158.4028
21,hawaiian paradise park,19.5933,-154.9731,22.8,96,100,3.09,-154.9731,-154.9731
22,la passe,45.5549,-0.8967,16.13,80,28,4.67,-0.8967,-0.8967
23,ribeira grande,38.5167,-28.7,20.43,68,75,5.66,-28.7,-28.7
24,novo cruzeiro,-17.4681,-41.8753,22.91,70,100,2.18,-41.8753,-41.8753
25,margaret river,-33.95,115.0667,12.14,89,0,5.27,115.0667,115.0667
26,adamstown,-25.066,-130.1015,22.45,73,55,4.87,-130.1015,-130.1015
27,georgetown,5.4112,100.3354,27.96,89,20,0.0,100.3354,100.3354
28,sirte,31.2089,16.5887,25.29,57,2,5.26,16.5887,16.5887
29,lebu,-37.6167,-73.65,11.51,57,38,6.48,-73.65,-73.65
30,hasaki,35.7333,140.8333,14.22,74,76,1.46,140.8333,140.8333
31,blackmans bay,-43.0167,147.3167,8.07,80,61,0.45,147.3167,147.3167
32,hutchinson island south,27.2995,-80.2205,30.61,69,40,3.09,-80.2205,-80.2205
33,gaspe,48.8334,-64.4819,3.64,62,74,4.07,-64.4819,-64.4819
34,ouallam,14.3188,2.0866,35.54,8,100,3.93,2.0866,2.0866
35,qandala,11.472,49.8728,26.68,78,40,3.92,49.8728,49.8728
36,moriki,12.8741,6.4875,31.99,17,93,2.73,6.4875,6.4875
37,toliara,-23.35,43.6667,25.01,68,61,9.1,43.6667,43.6667
38,bamboo flat,11.7,92.7167,27.82,81,100,3.73,92.7167,92.7167
39,ibiza,38.9088,1.433,19.56,64,0,1.03,1.433,1.433
40,whitehorse,60.7161,-135.0538,1.01,98,100,0.89,-135.0538,-135.0538
41,aurillac,44.9167,2.45,10.49,89,75,2.06,2.45,2.45
42,hithadhoo,-0.6,73.0833,27.39,79,77,5.35,73.0833,73.0833
43,grytviken,-54.2811,-36.5092,2.04,91,82,1.27,-36.5092,-36.5092
44,puerto ayora,-0.7393,-90.3518,27.98,90,88,2.24,-90.3518,-90.3518
45,la ronge,55.1001,-105.2842,-2.7,83,99,4.11,-105.2842,-105.2842
46,atafu village,-8.5421,-172.5159,28.47,75,99,7.3,-172.5159,-172.5159
47,shizuishan,39.2333,106.7694,13.62,25,2,0.46,106.7694,106.7694
48,ust-nera,64.5667,143.2,-17.64,100,100,2.49,143.2,143.2
49,tual,-5.6667,132.75,25.59,90,100,5.64,132.75,132.75
50,kill devil hills,36.0307,-75.676,16.1,71,100,6.69,-75.676,-75.676
51,west island,-12.1568,96.8225,25.99,83,100,7.2,96.8225,96.8225
52,burnie,-41.0667,145.9167,8.86,69,54,4.05,145.9167,145.9167
53,iqaluit,63.7506,-68.5145,-9.15,78,100,10.8,-68.5145,-68.5145
54,okha,53.5739,142.9478,-0.79,71,83,2.01,142.9478,142.9478
55,malango,-2.9627,119.9001,19.43,88,40,1.01,119.9001,119.9001
56,coruripe,-10.1256,-36.1756,28.45,59,33,6.73,-36.1756,-36.1756
57,papatowai,-46.5619,169.4708,8.86,93,96,1.0,169.4708,169.4708
58,nova sintra,14.8667,-24.7167,24.0,75,95,3.81,-24.7167,-24.7167
59,colonia,50.9333,6.95,12.76,83,75,2.57,6.95,6.95
60,fort bragg,35.139,-79.006,13.08,71,100,4.63,-79.006,-79.006
61,kolosovka,56.4678,73.611,-8.28,94,36,2.19,73.611,73.611
62,el nido,11.1858,119.3956,27.77,76,100,2.41,119.3956,119.3956
63,port mathurin,-19.6833,63.4167,25.07,81,4,6.75,63.4167,63.4167
64,bethel,41.3712,-73.414,10.86,53,0,2.57,-73.414,-73.414
65,ushuaia,-54.8,-68.3,8.81,56,40,11.83,-68.3,-68.3
66,polyarnyy,69.1989,33.4478,-1.01,84,98,3.1,33.4478,33.4478
67,ust'-ilimsk,58.0006,102.6619,-13.64,67,0,1.79,102.6619,102.6619
68,alaghsas,17.0187,8.0168,31.74,10,97,5.14,8.0168,8.0168
69,korla,41.7597,86.1469,13.89,37,93,1.82,86.1469,86.1469
70,bilibino,68.0546,166.4372,-16.48,89,90,2.14,166.4372,166.4372
71,stanley,54.868,-1.6985,6.77,86,75,1.03,-1.6985,-1.6985
72,yerofey pavlovich,53.9667,121.9667,-8.55,51,92,0.39,121.9667,121.9667
73,berberati,4.2612,15.7922,21.11,98,100,2.9,15.7922,15.7922
74,bredasdorp,-34.5322,20.0403,16.34,79,97,7.19,20.0403,20.0403
75,qaqortoq,60.7167,-46.0333,1.42,98,100,4.41,-46.0333,-46.0333
76,albany,42.6001,-73.9662,8.57,62,6,0.45,-73.9662,-73.9662
77,waitangi,-43.9535,-176.5597,13.23,96,100,5.81,-176.5597,-176.5597
78,kargasok,59.0556,80.8572,-10.58,91,30,3.13,80.8572,80.8572
79,shira,54.4911,89.9531,-4.37,97,100,1.52,89.9531,89.9531
80,badger,64.8,-147.5333,-4.86,94,75,0.0,-147.5333,-147.5333
81,dwarka,22.2394,68.9678,28.67,50,0,3.16,68.9678,68.9678
82,olonkinbyen,70.9221,-8.7187,2.7,66,100,5.23,-8.7187,-8.7187
83,kodiak,57.79,-152.4072,7.73,87,100,4.63,-152.4072,-152.4072
84,reggane,26.7158,0.1714,33.55,11,7,1.84,0.1714,0.1714
85,belmonte,-15.8631,-38.8828,27.84,60,78,5.78,-38.8828,-38.8828
86,touros,-5.1989,-35.4608,29.45,56,12,7.25,-35.4608,-35.4608
87,hermanus,-34.4187,19.2345,17.6,67,93,7.16,19.2345,19.2345
88,new norfolk,-42.7826,147.0587,8.72,91,83,1.37,147.0587,147.0587
89,namibe,-15.1961,12.1522,20.69,70,10,5.1,12.1522,12.1522
90,barcelos,41.5388,-8.6151,18.08,83,90,5.34,-8.6151,-8.6151
91,hammerfest,70.6634,23.6821,3.25,60,75,1.54,23.6821,23.6821
92,vila franca do campo,37.7167,-25.4333,20.23,99,81,3.71,-25.4333,-25.4333
93,libertad,8.9442,125.5019,23.98,95,77,1.93,125.5019,125.5019
94,dabou,5.3256,-4.3769,27.79,77,69,3.42,-4.3769,-4.3769
95,lesogorsk,56.0458,99.5136,-6.15,59,91,4.02,99.5136,99.5136
96,ashland,40.8167,-82.2665,6.04,77,16,4.09,-82.2665,-82.2665
97,jamestown,42.097,-79.2353,5.57,66,100,4.12,-79.2353,-79.2353
98,college,64.8569,-147.8028,-4.82,93,75,0.0,-147.8028,-147.8028
99,okhotsk,59.3833,143.3,-1.57,96,100,3.46,143.3,143.3
100,edinburgh of the seven seas,-37.0676,-12.3116,14.14,90,13,8.77,-12.3116,-12.3116
101,avarua,-21.2078,-159.775,23.03,78,40,4.63,-159.775,-159.775
102,port lincoln,-34.7333,135.8667,10.85,74,4,4.35,135.8667,135.8667
103,pierre,44.3683,-100.351,-3.41,61,0,3.09,-100.351,-100.351
104,ugoofaaru,5.6667,73.0,26.27,84,100,5.48,73.0,73.0
105,sai kung,22.3822,114.2728,25.66,79,17,5.38,114.2728,114.2728
106,quellon,-43.1167,-73.6167,9.43,65,4,3.29,-73.6167,-73.6167
107,east london,-33.0153,27.9116,17.93,72,73,8.12,27.9116,27.9116
108,saint-philippe,-21.3585,55.7679,24.77,85,57,3.14,55.7679,55.7679
109,llanes,43.4198,-4.7549,16.65,65,1,2.33,-4.7549,-4.7549
110,chayan,43.0297,69.3772,9.0,60,0,0.91,69.3772,69.3772
111,kourou,5.1552,-52.6478,34.03,59,11,4.29,-52.6478,-52.6478
112,ilulissat,69.2167,-51.1,7.01,39,75,12.35,-51.1,-51.1
113,ancud,-41.8697,-73.8203,11.19,56,16,2.32,-73.8203,-73.8203
114,palangkaraya,-2.2,113.8333,24.73,90,80,0.71,113.8333,113.8333
115,xinzhi,36.4989,111.7047,18.32,49,0,1.75,111.7047,111.7047
116,bati,11.1833,40.0167,20.54,53,17,0.77,40.0167,40.0167
117,puerto el triunfo,13.2833,-88.55,23.02,94,100,4.42,-88.55,-88.55
118,bechar,31.6167,-2.2167,28.68,14,59,6.87,-2.2167,-2.2167
119,srandakan,-7.9386,110.2506,25.49,89,99,0.93,110.2506,110.2506
120,noorderwijk,51.1416,4.8401,12.29,94,99,1.79,4.8401,4.8401
121,naharlagun,27.1047,93.6952,19.99,73,0,1.81,93.6952,93.6952
122,taoudenni,22.6783,-3.9836,37.41,7,0,2.34,-3.9836,-3.9836
123,pacific grove,36.6177,-121.9166,20.79,44,0,2.24,-121.9166,-121.9166
124,petropavlovsk-kamchatsky,53.0452,158.6483,0.81,71,57,4.02,158.6483,158.6483
125,semenov,56.7875,44.493,0.75,98,100,1.22,44.493,44.493
126,kapan,39.2075,46.4058,13.93,68,100,0.47,46.4058,46.4058
127,yellowknife,62.456,-114.3525,-8.01,82,90,3.84,-114.3525,-114.3525
128,amboasary,-25.0333,46.3833,21.06,85,100,7.02,46.3833,46.3833
129,alofi,-19.0595,-169.9187,23.94,83,75,4.63,-169.9187,-169.9187
130,papao,-17.75,-149.55,26.82,81,24,10.65,-149.55,-149.55
131,greenland,43.0362,-70.8328,9.48,50,20,4.12,-70.8328,-70.8328
132,solleftea,63.1667,17.2667,-2.08,69,47,4.75,17.2667,17.2667
133,northwood,40.4728,-83.7324,6.42,48,75,6.69,-83.7324,-83.7324
134,arraial do cabo,-22.9661,-42.0278,30.92,58,0,3.6,-42.0278,-42.0278
135,iskateley,67.6803,53.1512,-10.55,97,100,2.68,53.1512,53.1512
136,belo sur tsiribihina,-19.7,44.55,25.25,74,42,2.51,44.55,44.55
137,ciudad lazaro cardenas,17.9583,-102.2,29.07,72,41,0.81,-102.2,-102.2
138,vilyuysk,63.7553,121.6247,-16.67,99,99,1.34,121.6247,121.6247
139,kirakira,-10.4544,161.9205,25.94,87,62,3.46,161.9205,161.9205
140,uturoa,-16.7333,-151.4333,26.38,77,15,9.34,-151.4333,-151.4333
141,klyuchi,52.2667,79.1667,2.07,99,100,2.17,79.1667,79.1667
142,kavieng,-2.5744,150.7967,27.09,81,85,2.41,150.7967,150.7967
143,kralendijk,12.15,-68.2667,28.99,84,75,3.6,-68.2667,-68.2667
144,debipur,24.2333,88.6333,24.24,64,12,2.18,88.6333,88.6333
145,coahuayana de hidalgo,18.7,-103.6583,30.32,66,11,1.21,-103.6583,-103.6583
146,chernyshevskiy,63.0128,112.4714,-27.42,100,66,0.68,112.4714,112.4714
147,batsari,12.7515,7.2447,31.4,16,75,2.71,7.2447,7.2447
148,dongkan,33.9997,119.8308,18.71,53,2,4.23,119.8308,119.8308
149,probishtip,42.0031,22.1786,13.61,50,84,2.39,22.1786,22.1786
150,tucacas,10.7906,-68.3258,29.13,70,100,2.15,-68.3258,-68.3258
151,okene,7.5981,6.2318,27.58,74,100,1.54,6.2318,6.2318
152,dunedin,-45.8742,170.5036,10.45,99,14,0.45,170.5036,170.5036
153,mingshui,36.7167,117.5,18.27,45,3,4.33,117.5,117.5
154,manokwari,-0.8667,134.0833,25.97,78,95,2.9,134.0833,134.0833
155,puerto baquerizo moreno,-0.9,-89.6,27.55,69,75,5.66,-89.6,-89.6
156,bubaque,11.2833,-15.8333,29.11,71,13,3.46,-15.8333,-15.8333
157,camarinas,43.1311,-9.1817,17.18,81,88,12.44,-9.1817,-9.1817
158,laojunmiao,39.8333,97.7333,9.59,23,2,2.12,97.7333,97.7333
159,quitilipi,-26.8691,-60.2168,27.21,57,66,4.18,-60.2168,-60.2168
160,malanje,-9.5402,16.341,23.34,72,98,2.45,16.341,16.341
161,bel ombre,-4.6167,55.4167,27.14,80,39,5.16,55.4167,55.4167
162,apodi,-5.6642,-37.7989,38.56,20,11,2.59,-37.7989,-37.7989
163,tralee,52.2704,-9.7026,12.14,94,40,6.69,-9.7026,-9.7026
164,anadyr,64.75,177.4833,-1.72,100,100,4.0,177.4833,177.4833
165,coquimbo,-29.9533,-71.3436,17.92,63,100,5.06,-71.3436,-71.3436
166,metlili chaamba,32.2667,3.6333,28.2,17,69,3.58,3.6333,3.6333
167,tocopilla,-22.092,-70.1979,21.55,63,20,3.18,-70.1979,-70.1979
168,achit,56.7985,57.8994,-5.52,100,84,0.48,57.8994,57.8994
169,tura,25.5198,90.2201,20.34,87,1,1.44,90.2201,90.2201
170,hamilton,39.1834,-84.5333,8.18,56,0,5.14,-84.5333,-84.5333
171,carnarvon,-24.8667,113.6333,20.93,76,0,6.49,113.6333,113.6333
172,afif,23.9065,42.9172,26.08,38,51,5.9,42.9172,42.9172
173,smithers,54.7804,-127.1743,0.6,73,100,0.45,-127.1743,-127.1743
174,ivdel',60.6911,60.4206,-4.43,65,100,4.02,60.4206,60.4206
175,pamanukan,-6.2842,107.8106,27.52,77,91,1.46,107.8106,107.8106
176,rawai,7.7797,98.3253,30.55,73,99,4.46,98.3253,98.3253
177,rota,36.6224,-6.3586,17.34,82,0,2.06,-6.3586,-6.3586
178,khandyga,62.6667,135.6,-11.88,97,100,0.96,135.6,135.6
179,progreso,21.2833,-89.6667,31.17,69,25,4.98,-89.6667,-89.6667
180,lashkar gah,31.5938,64.3716,22.15,23,81,3.32,64.3716,64.3716
181,minas de marcona,-15.2119,-75.1103,21.09,53,13,7.37,-75.1103,-75.1103
182,jayapura,-2.5333,140.7,23.66,93,93,2.12,140.7,140.7
183,brokopondo,4.75,-55.1667,33.11,49,76,0.67,-55.1667,-55.1667
184,stephenville,32.2207,-98.2023,11.59,47,0,4.63,-98.2023,-98.2023
185,xai-xai,-25.0519,33.6442,17.2,96,100,1.83,33.6442,33.6442
186,aasiaat,68.7098,-52.8699,2.26,63,51,9.43,-52.8699,-52.8699
187,chibougamau,49.9168,-74.3659,-4.21,68,75,5.14,-74.3659,-74.3659
188,lensk,60.7253,114.9278,-16.1,84,100,1.05,114.9278,114.9278
189,kenora,49.8167,-94.4337,-6.79,85,65,4.02,-94.4337,-94.4337
190,ain sefra,32.75,-0.5833,24.53,20,91,4.16,-0.5833,-0.5833
191,nagqu,31.5,92.0,-4.76,88,53,0.55,92.0,92.0
192,luorong,24.4058,109.6086,19.42,65,70,1.09,109.6086,109.6086
193,tabuk,17.4189,121.4443,22.26,86,90,2.03,121.4443,121.4443
194,kenai,60.5544,-151.2583,2.3,100,100,1.54,-151.2583,-151.2583
195,middlesboro,36.6084,-83.7166,11.78,66,100,0.0,-83.7166,-83.7166
196,luderitz,-26.6481,15.1594,18.66,60,0,1.98,15.1594,15.1594
197,erenhot,43.6475,111.9767,7.48,46,35,4.17,111.9767,111.9767
198,longyearbyen,78.2186,15.6401,-4.09,58,40,9.26,15.6401,15.6401
199,westport,41.1415,-73.3579,11.93,51,0,4.12,-73.3579,-73.3579
200,tidjikja,18.5564,-11.4271,36.55,9,31,3.92,-11.4271,-11.4271
201,taltal,-25.4,-70.4833,19.8,65,14,3.49,-70.4833,-70.4833
202,aykhal,66.0,111.5,-24.29,100,98,3.18,111.5,111.5
203,san luis,-33.295,-66.3356,22.02,27,29,5.33,-66.3356,-66.3356
204,port elizabeth,-33.918,25.5701,17.4,80,65,2.68,25.5701,25.5701
205,bikenibeu village,1.3673,173.1241,26.98,89,75,1.54,173.1241,173.1241
206,san ramon,37.7799,-121.978,16.73,50,0,2.06,-121.978,-121.978
207,brookings,44.3114,-96.7984,-3.23,75,100,6.69,-96.7984,-96.7984
208,enewetak,11.3474,162.3373,28.64,78,95,8.95,162.3373,162.3373
209,sinop,41.7711,34.8709,15.24,51,99,2.85,34.8709,34.8709
210,calvinia,-31.4707,19.776,23.6,14,9,3.8,19.776,19.776
211,copala,16.65,-98.9833,28.73,71,66,1.56,-98.9833,-98.9833
212,calca,-13.3333,-71.95,23.64,56,54,3.26,-71.95,-71.95
213,invercargill,-46.4,168.35,8.34,98,93,1.34,168.35,168.35
214,ntoum,0.3833,9.7833,27.87,92,98,1.61,9.7833,9.7833
215,quthing,-30.4,27.7003,13.96,37,57,1.32,27.7003,27.7003
216,dolinsk,47.35,142.8,9.84,93,57,4.24,142.8,142.8
217,taco pozo,-25.6167,-63.2833,24.26,54,90,3.65,-63.2833,-63.2833
218,yanji,42.9075,129.5078,8.26,72,29,1.89,129.5078,129.5078
219,kuala belait,4.5833,114.1833,25.64,90,97,1.5,114.1833,114.1833
220,dul'durga,50.6761,113.5931,-5.9,77,48,1.3,113.5931,113.5931
221,shimoda,34.6667,138.95,12.84,78,5,1.9,138.95,138.95
222,sola,-13.8833,167.55,25.92,83,46,9.25,167.55,167.55
223,hobyo,5.3505,48.5268,28.13,76,39,5.6,48.5268,48.5268
224,cole harbour,44.6724,-63.4751,8.29,63,36,8.94,-63.4751,-63.4751
225,howrah,22.5892,88.3103,27.0,74,20,0.0,88.3103,88.3103
226,bridgewater,44.3835,-64.5155,6.46,69,74,3.58,-64.5155,-64.5155
227,grants pass,42.439,-123.3284,11.57,81,0,0.0,-123.3284,-123.3284
228,reserva,-24.6503,-50.8506,17.56,98,100,0.44,-50.8506,-50.8506
229,port alfred,-33.5906,26.891,17.32,84,58,3.13,26.891,26.891
230,akureyri,65.6835,-18.0878,-1.29,73,6,1.81,-18.0878,-18.0878
231,amga,60.8953,131.9608,-15.25,98,100,0.92,131.9608,131.9608
232,konarka,19.9,86.1167,25.22,71,0,2.21,86.1167,86.1167
233,san jose de jachal,-30.2406,-68.7469,19.98,23,34,4.79,-68.7469,-68.7469
234,tindouf,27.6711,-8.1474,33.31,9,99,2.94,-8.1474,-8.1474
235,tazovsky,67.4667,78.7,-15.21,95,100,3.09,78.7,78.7
236,cabo san lucas,22.8909,-109.9124,29.73,65,0,0.89,-109.9124,-109.9124
237,soio,-6.1349,12.3689,26.06,82,98,1.34,12.3689,12.3689
238,gadzhiyevo,69.2551,33.3362,-1.31,84,99,3.22,33.3362,33.3362
239,kununurra,-15.7667,128.7333,29.78,57,79,4.47,128.7333,128.7333
240,goz beida,13.95,20.55,33.27,18,19,2.77,20.55,20.55
241,brisas de zicatela,15.8369,-97.0419,30.29,54,0,3.6,-97.0419,-97.0419
242,nemuro,43.3236,145.575,11.19,89,21,4.77,145.575,145.575
243,lompoc,34.6391,-120.4579,22.14,22,0,4.12,-120.4579,-120.4579
244,kailua-kona,19.6406,-155.9956,24.22,79,75,4.02,-155.9956,-155.9956
245,zaysan,47.4667,84.8667,6.74,87,100,3.21,84.8667,84.8667
246,mittenwald,47.4422,11.2619,7.44,92,100,0.45,11.2619,11.2619
247,waddan,29.1614,16.139,25.97,25,3,1.66,16.139,16.139
248,peniche,39.3558,-9.3811,18.95,80,14,5.65,-9.3811,-9.3811
249,gelibolu,40.4103,26.6708,18.92,77,7,2.59,26.6708,26.6708
250,labuan,5.2767,115.2417,27.79,80,99,2.63,115.2417,115.2417
251,keflavik,64.0049,-22.5624,5.24,65,20,7.2,-22.5624,-22.5624
252,upata,8.0086,-62.3989,32.13,42,78,2.4,-62.3989,-62.3989
253,annau,37.8876,58.516,17.63,42,62,3.77,58.516,58.516
254,isafjordur,66.0755,-23.124,-2.98,86,0,2.06,-23.124,-23.124
255,montepuez,-13.1256,38.9997,26.22,51,27,3.72,38.9997,38.9997
256,kale,50.9581,1.8521,13.33,81,34,9.85,1.8521,1.8521
257,naze,28.3667,129.4833,20.97,71,57,3.86,129.4833,129.4833
258,nishinoomote,30.7333,131.0,20.75,64,0,1.54,131.0,131.0
259,afaahiti,-17.75,-149.2833,25.93,81,51,9.57,-149.2833,-149.2833
260,altai,46.3722,96.2583,4.73,59,100,7.92,96.2583,96.2583
261,saint-amand-montrond,46.75,2.5,13.57,85,72,4.54,2.5,2.5
262,greymouth,-42.4667,171.2,7.02,86,25,1.6,171.2,171.2
263,faya-largeau,17.9257,19.1043,30.75,15,23,6.02,19.1043,19.1043
264,sitangkai,4.6628,119.3928,28.71,69,66,1.88,119.3928,119.3928
265,boa vista,2.8197,-60.6733,34.99,38,40,5.66,-60.6733,-60.6733
266,saldanha,-33.0117,17.9442,17.54,68,61,6.09,17.9442,17.9442
267,taksimo,56.3444,114.8794,-13.05,81,86,1.03,114.8794,114.8794
268,buta,2.7858,24.73,25.47,78,53,0.16,24.73,24.73
269,nagothana,18.5333,73.1333,25.15,61,41,0.98,73.1333,73.1333
270,fale old settlement,-9.3852,-171.2468,28.61,78,100,8.14,-171.2468,-171.2468
271,gebeit,21.0667,36.3167,25.45,62,0,6.55,36.3167,36.3167
272,cibitoke,-2.8833,29.25,20.63,70,58,1.96,29.25,29.25
273,remire-montjoly,4.9167,-52.2667,34.02,52,0,3.6,-52.2667,-52.2667
274,tweed heads,-28.1817,153.547,21.77,75,100,8.75,153.547,153.547
275,francisco sa,-16.4758,-43.4883,33.91,34,98,1.9,-43.4883,-43.4883
276,ust'-kut,56.7938,105.7672,-11.42,67,5,1.34,105.7672,105.7672
277,dudinka,69.4058,86.1778,-14.1,97,90,0.89,86.1778,86.1778
278,port blair,11.6667,92.75,27.83,81,100,3.76,92.75,92.75
279,labrador city,52.9463,-66.9114,-3.05,59,75,6.17,-66.9114,-66.9114
280,enriquillo,17.9,-71.2333,29.82,79,82,1.71,-71.2333,-71.2333
281,shiqian,27.5225,108.2281,16.03,73,59,1.17,108.2281,108.2281
282,sitka,57.0531,-135.33,6.94,87,100,2.57,-135.33,-135.33
283,likiep,9.8251,169.3107,27.81,82,95,8.39,169.3107,169.3107
284,atvidaberg,58.2015,15.9977,4.1,97,100,4.02,15.9977,15.9977
285,revda,56.801,59.9303,-4.13,99,99,0.19,59.9303,59.9303
286,tonj,7.2737,28.6822,28.5,54,64,0.84,28.6822,28.6822
287,abhar,36.1468,49.218,14.19,57,100,1.81,49.218,49.218
288,ust'-barguzin,53.45,108.9833,-4.12,79,99,1.29,108.9833,108.9833
289,katsuura,35.1333,140.3,17.33,76,58,1.45,140.3,140.3
290,cambria,35.5641,-121.0808,20.42,44,91,0.89,-121.0808,-121.0808
291,cabedelo,-6.9811,-34.8339,28.19,60,51,4.77,-34.8339,-34.8339
292,la punta,-33.1837,-66.3127,20.46,30,44,5.1,-66.3127,-66.3127
293,kolonia town,6.964,158.206,24.0,94,100,2.06,158.206,158.206
294,prince george,53.9166,-122.753,-2.43,82,100,0.89,-122.753,-122.753
295,santa rosalia,27.3167,-112.2833,23.48,44,0,3.17,-112.2833,-112.2833
296,saipan,15.1355,145.701,27.39,89,20,5.66,145.701,145.701
297,serafimovich,49.5786,42.736,11.46,63,100,2.56,42.736,42.736
298,qamdo,31.1667,97.2333,-2.07,67,24,0.51,97.2333,97.2333
299,ulan bator,47.9077,106.8832,-8.93,92,0,1.0,106.8832,106.8832
300,saynshand,44.8824,110.1163,5.87,58,70,2.24,110.1163,110.1163
301,iisalmi,63.5592,27.1907,-5.12,88,93,2.95,27.1907,27.1907
302,nar'yan-mar,67.6713,53.087,-10.5,97,100,2.68,53.087,53.087
303,othello,46.826,-119.1753,2.19,46,50,2.18,-119.1753,-119.1753
304,lethem,3.3803,-59.7968,38.34,28,85,2.9,-59.7968,-59.7968
305,pitimbu,-7.4706,-34.8086,27.94,60,12,4.47,-34.8086,-34.8086
306,soledade,-28.8183,-52.5103,17.12,90,100,3.38,-52.5103,-52.5103
307,chornomors'k,46.305,30.6548,16.85,92,8,7.64,30.6548,30.6548
308,calderitas,18.55,-88.25,29.82,58,65,2.47,-88.25,-88.25
309,jeddah,21.5169,39.2192,30.92,58,0,4.63,39.2192,39.2192
310,ust'-kulom,61.6864,53.6902,-5.47,98,99,1.58,53.6902,53.6902
311,black point,-34.6187,137.8972,11.55,70,3,5.37,137.8972,137.8972
312,al bawiti,28.3492,28.8659,24.4,50,0,4.18,28.8659,28.8659
313,karema,-6.8205,30.4389,26.63,62,88,0.89,30.4389,30.4389
314,el calafate,-50.3408,-72.2768,7.18,49,0,2.36,-72.2768,-72.2768
315,cox's bazar,21.4532,91.9798,24.29,79,31,2.62,91.9798,91.9798
316,xilin hot,43.9667,116.0333,4.0,59,100,1.36,116.0333,116.0333
317,sandnessjoen,66.0217,12.6316,-1.94,64,0,3.09,12.6316,12.6316
318,buala,-8.145,159.5921,26.38,83,84,1.57,159.5921,159.5921
319,tosontsengel,48.7567,98.2839,-2.39,84,88,0.73,98.2839,98.2839
320,chonchi,-42.6128,-73.8092,12.56,54,22,2.2,-73.8092,-73.8092
321,bondo,3.8146,23.6866,25.45,76,81,1.64,23.6866,23.6866
322,utrik,11.2278,169.8474,27.94,78,99,9.22,169.8474,169.8474
323,kudahuvadhoo,2.6708,72.8944,27.44,77,88,2.55,72.8944,72.8944
324,saskatoon,52.1168,-106.6345,-6.12,85,99,5.36,-106.6345,-106.6345
325,tsiombe,-25.3,45.4833,20.61,77,92,6.66,45.4833,45.4833
326,nizhnyaya poyma,56.1622,97.1933,-5.67,56,100,5.17,97.1933,97.1933
327,puerto deseado,-47.7503,-65.8938,7.68,34,1,3.03,-65.8938,-65.8938
328,jinzhou,41.1078,121.1417,9.65,35,71,2.97,121.1417,121.1417
329,olanchito,15.5,-86.5667,25.91,95,100,0.64,-86.5667,-86.5667
330,aleg,17.0481,-13.9209,39.1,14,34,2.81,-13.9209,-13.9209
331,mount isa,-20.7333,139.5,20.87,56,74,2.06,139.5,139.5
332,choibalsan,48.0667,114.5,-3.03,87,53,2.37,114.5,114.5
333,krasnovishersk,60.4078,57.082,-5.0,99,100,0.79,57.082,57.082
334,selfoss,63.9331,-20.9971,3.91,70,40,4.37,-20.9971,-20.9971
335,ponta delgada,37.7333,-25.6667,20.4,77,40,6.17,-25.6667,-25.6667
336,mount pleasant,32.7941,-79.8626,19.08,97,75,3.09,-79.8626,-79.8626
337,dek'emhare,15.07,39.0475,17.45,81,100,2.23,39.0475,39.0475
338,tauranga,-37.6861,176.1667,17.58,98,99,2.41,176.1667,176.1667
339,forster,-32.1667,152.5167,17.94,66,100,3.17,152.5167,152.5167
340,oltinko'l,40.8011,72.1634,14.97,57,100,3.34,72.1634,72.1634
341,ulverstone,-41.15,146.1667,8.45,85,61,4.24,146.1667,146.1667
342,es castell,39.8795,4.2854,18.38,59,20,1.03,4.2854,4.2854
343,singkawang,0.9,109.0,25.2,84,100,0.83,109.0,109.0
344,sao jose da coroa grande,-8.8978,-35.1478,28.18,62,42,4.9,-35.1478,-35.1478
345,lao cai,22.4833,103.95,21.0,85,52,0.69,103.95,103.95
346,broome,42.2506,-75.833,6.16,77,100,2.57,-75.833,-75.833
347,arilje,43.7531,20.0956,18.2,72,100,3.23,20.0956,20.0956
348,pisco,-13.7,-76.2167,21.03,78,75,4.63,-76.2167,-76.2167
349,znomenka,48.7128,32.6647,15.15,67,7,4.94,32.6647,32.6647
350,bol'shoye boldino,55.0059,45.3142,3.15,93,100,1.41,45.3142,45.3142
351,rundu,-17.9333,19.7667,28.1,31,72,4.73,19.7667,19.7667
352,turabah,21.2141,41.6331,25.3,44,76,5.08,41.6331,41.6331
353,east ballina,-28.8667,153.5833,19.9,86,79,9.48,153.5833,153.5833
354,marka,1.7159,44.7717,27.09,81,83,4.41,44.7717,44.7717
355,mount pearl,47.5166,-52.7813,3.51,89,96,2.68,-52.7813,-52.7813
356,smidovich,48.6,133.8167,-0.66,87,92,3.32,133.8167,133.8167
357,dryden,49.7833,-92.7503,-5.84,79,100,3.6,-92.7503,-92.7503
358,islamkot,24.6997,70.177,30.04,27,0,3.61,70.177,70.177
359,humaita,-7.5061,-63.0208,37.86,28,94,1.49,-63.0208,-63.0208
360,ishikawa,26.4233,127.8214,23.98,79,0,3.09,127.8214,127.8214
361,sona,45.4388,10.8255,14.77,82,0,1.54,10.8255,10.8255
362,fereydunshahr,32.941,50.121,9.66,59,85,1.22,50.121,50.121
363,san juan de uraba,8.7592,-76.5297,29.48,75,54,1.25,-76.5297,-76.5297
364,swakopmund,-22.6833,14.5333,17.21,76,33,1.34,14.5333,14.5333
365,mbandaka,0.0487,18.2603,23.25,90,100,2.71,18.2603,18.2603
366,valparaiso,-33.0393,-71.6273,19.8,63,0,4.12,-71.6273,-71.6273
367,andovoranto,-18.95,49.1,24.07,87,2,3.1,49.1,49.1
368,vorgashor,67.5833,63.95,-12.52,93,96,2.45,63.95,63.95
369,udachny,66.4167,112.4,-21.09,98,99,2.33,112.4,112.4
370,buarcos,40.166,-8.8768,18.7,80,23,5.82,-8.8768,-8.8768
371,otuzco,-7.9,-78.5833,16.01,57,79,3.84,-78.5833,-78.5833
372,kingston,17.997,-76.7936,30.13,84,100,0.69,-76.7936,-76.7936
373,codrington,-38.2667,141.9667,10.89,64,98,2.96,141.9667,141.9667
374,babat,-7.1128,112.1635,26.67,80,40,2.42,112.1635,112.1635
375,phan thiet,10.9333,108.1,25.42,87,68,2.7,108.1,108.1
376,anadarko,35.0726,-98.2437,9.0,38,0,8.33,-98.2437,-98.2437
377,saudarkrokur,65.7461,-19.6394,0.41,67,8,3.03,-19.6394,-19.6394
378,bardai,11.65,7.2333,27.63,22,88,2.13,7.2333,7.2333
379,masterton,-40.9597,175.6575,13.82,98,58,1.34,175.6575,175.6575
380,inarajan village,13.2736,144.7484,28.08,92,100,7.49,144.7484,144.7484
381,bayanhongor,46.7167,100.1167,-1.89,76,96,1.23,100.1167,100.1167
382,puerto colombia,10.9878,-74.9547,32.05,68,100,2.99,-74.9547,-74.9547
383,molchanovo,57.5817,83.7692,-8.99,91,19,2.27,83.7692,83.7692
384,phuthaditjhaba,-28.5242,28.8158,5.79,97,100,1.91,28.8158,28.8158
385,emmett,43.8735,-116.4993,7.88,56,20,0.93,-116.4993,-116.4993
386,bac lieu,9.285,105.7244,26.67,85,100,4.64,105.7244,105.7244
387,huedin,46.8667,23.05,16.23,55,89,2.44,23.05,23.05
388,lihue,21.9789,-159.3672,21.77,84,20,2.57,-159.3672,-159.3672
389,kalevala,65.2,31.1667,-5.51,80,15,2.68,31.1667,31.1667
390,kalabo,-14.97,22.6814,26.39,51,66,1.84,22.6814,22.6814
391,saint-pierre,-21.3393,55.4781,24.82,78,75,1.54,55.4781,55.4781
392,villa gesell,-37.2639,-56.973,13.92,59,87,7.78,-56.973,-56.973
393,ramadi,33.4226,43.3058,27.0,26,98,0.99,43.3058,43.3058
394,gurupi,-11.7292,-49.0686,42.71,14,68,0.7,-49.0686,-49.0686
395,launceston,-41.45,147.1667,5.8,75,79,0.0,147.1667,147.1667
396,acarau,-2.8856,-40.12,32.02,54,2,7.94,-40.12,-40.12
397,axim,4.8699,-2.2405,27.49,81,93,2.68,-2.2405,-2.2405
398,yelizovo,53.1873,158.3805,1.56,78,63,2.63,158.3805,158.3805
399,villa regina,-39.1,-67.0667,14.38,35,94,7.26,-67.0667,-67.0667
400,leh,34.1667,77.5833,4.02,36,9,1.71,77.5833,77.5833
401,dabakala,8.3667,-4.4333,30.97,57,38,2.05,-4.4333,-4.4333
402,woodward,36.4337,-99.3904,6.57,44,0,7.2,-99.3904,-99.3904
403,rongelap,11.1635,166.8941,28.24,74,100,8.06,166.8941,166.8941
404,bhimunipatnam,17.8833,83.4333,25.73,79,12,2.69,83.4333,83.4333
405,geraldton,-28.7667,114.6,16.23,77,2,3.6,114.6,114.6
406,olyokminsk,60.3736,120.4264,-12.22,91,100,3.98,120.4264,120.4264
407,isangel,-19.55,169.2667,20.84,79,44,4.26,169.2667,169.2667
408,uberaba,-19.7483,-47.9319,31.11,43,97,3.35,-47.9319,-47.9319
409,bassenge,50.7588,5.6099,12.15,88,75,6.17,5.6099,5.6099
410,yopal,5.3378,-72.3959,33.29,48,90,1.69,-72.3959,-72.3959
411,galliano,29.4422,-90.2992,15.0,72,100,7.2,-90.2992,-90.2992
412,salalah,17.0151,54.0924,28.05,74,75,1.03,54.0924,54.0924
413,lorengau,-2.0226,147.2712,26.02,85,95,1.26,147.2712,147.2712
414,santa cruz de yojoa,14.9833,-87.9,21.03,96,100,0.44,-87.9,-87.9
415,tevriz,57.509,72.4042,-10.37,96,81,1.66,72.4042,72.4042
416,nuku'alofa,-21.1333,-175.2,22.19,94,75,7.2,-175.2,-175.2
417,tvoroyri,61.5556,-6.8111,7.15,62,70,10.43,-6.8111,-6.8111
418,ola,59.5833,151.2833,-3.81,79,100,4.54,151.2833,151.2833
419,ottumwa,41.02,-92.4113,0.31,65,100,12.35,-92.4113,-92.4113
420,tanumah,27.1,44.1333,23.45,46,56,2.17,44.1333,44.1333
421,inhambane,-23.865,35.3833,18.99,100,75,0.0,35.3833,35.3833
422,berdigestyakh,62.0989,126.6992,-21.01,100,100,0.49,126.6992,126.6992
423,rizokarpaso,35.6,34.375,24.66,59,100,2.4,34.375,34.375
424,solikamsk,59.6196,56.7729,-4.94,98,100,0.97,56.7729,56.7729
425,kloulklubed,7.0419,134.2556,25.28,77,94,1.4,134.2556,134.2556
426,ninotsminda,41.2646,43.5916,8.04,75,7,2.72,43.5916,43.5916
427,santa elena de uairen,4.6167,-61.1333,30.41,36,85,3.85,-61.1333,-61.1333
428,kaoma,-14.7833,24.8,24.94,49,22,2.29,24.8,24.8
429,hirado,33.3597,129.5531,19.5,52,0,2.64,129.5531,129.5531
430,san ignacio de velasco,-16.3667,-60.95,29.4,50,94,2.36,-60.95,-60.95
431,tuy hoa,13.0833,109.3,25.66,91,100,5.77,109.3,109.3
432,dubbo,-32.25,148.6167,8.07,42,16,5.66,148.6167,148.6167
433,undurkhaan,47.3194,110.6556,-1.44,83,14,1.72,110.6556,110.6556
434,diego de almagro,-26.3667,-70.05,28.45,14,0,7.65,-70.05,-70.05
435,cockburn town,21.4612,-71.1419,28.42,79,96,4.82,-71.1419,-71.1419
436,gobabis,-22.45,18.9667,28.69,7,0,5.09,18.9667,18.9667
437,san antonio de pale,-1.4014,5.6325,26.44,85,87,6.71,5.6325,5.6325
438,firuzabad,28.8438,52.5707,19.07,52,91,0.55,52.5707,52.5707
439,lata,40.1629,-8.3327,17.67,73,40,2.76,-8.3327,-8.3327
440,lochbuie,40.0072,-104.7161,5.42,57,20,3.09,-104.7161,-104.7161
441,vadso,70.0744,29.7487,0.49,86,40,4.12,29.7487,29.7487
442,weno,7.4515,151.8468,26.46,82,100,2.29,151.8468,151.8468
443,sake,-1.5736,29.045,18.41,94,100,0.7,29.045,29.045
444,edessa,37.1671,38.7939,22.9,31,100,0.65,38.7939,38.7939
445,ta`u,-14.2336,-169.5144,26.89,71,23,9.12,-169.5144,-169.5144
446,kolwezi,-10.7148,25.4667,22.18,61,100,0.87,25.4667,25.4667
447,tokoroa,-38.2333,175.8667,12.75,87,100,0.45,175.8667,175.8667
448,umm qasr,30.0405,47.9168,25.93,35,11,3.51,47.9168,47.9168
449,keminmaa,65.8596,24.8228,-9.13,86,75,2.57,24.8228,24.8228
450,dergachi,51.2328,48.7659,9.72,87,83,2.67,48.7659,48.7659
451,kapuvar,47.5922,17.0289,10.14,71,100,4.76,17.0289,17.0289
452,le port,-20.9373,55.2919,25.0,95,35,0.95,55.2919,55.2919
453,mayahi,13.9553,7.6712,32.52,12,100,4.07,7.6712,7.6712
454,dingwall,57.5953,-4.4272,6.97,81,98,3.03,-4.4272,-4.4272
455,kargopol',61.5071,38.9456,-4.21,91,86,1.78,38.9456,38.9456
456,ceerigaabo,10.6162,47.368,20.1,62,32,2.2,47.368,47.368
457,vila velha,-20.3297,-40.2925,29.97,72,20,7.72,-40.2925,-40.2925
458,mont-laurier,46.5501,-75.4993,0.81,52,66,1.87,-75.4993,-75.4993
459,aldinga beach,-35.2793,138.4604,10.81,80,1,3.2,138.4604,138.4604
460,kamennomostskiy,44.2983,40.1856,15.17,48,0,2.44,40.1856,40.1856
461,zyryanskoye,56.8306,86.6258,-8.11,75,20,3.06,86.6258,86.6258
462,xinyi,22.373,110.9475,20.78,75,25,0.94,110.9475,110.9475
463,happy valley-goose bay,53.3168,-60.3315,1.18,42,29,6.87,-60.3315,-60.3315
464,itoman,26.1247,127.6694,24.01,76,20,4.63,127.6694,127.6694
465,nova xavantina,-14.6667,-52.35,42.18,17,58,1.6,-52.35,-52.35
466,kuhmo,64.1333,29.5167,-8.68,98,59,1.16,29.5167,29.5167
467,egilsstadir,65.2653,-14.3948,2.25,85,75,2.14,-14.3948,-14.3948
468,xinyuan,37.3,99.0,-2.39,43,0,1.57,99.0,99.0
469,pingxiang,27.6167,113.85,17.8,78,81,1.34,113.85,113.85
470,constantia,44.1833,28.65,16.5,94,1,5.93,28.65,28.65
471,blankenberge,51.3131,3.1323,12.97,76,74,0.89,3.1323,3.1323
472,haiku-pauwela,20.9219,-156.3051,23.36,88,0,0.0,-156.3051,-156.3051
473,santa vitoria do palmar,-33.5189,-53.3681,12.99,71,100,8.34,-53.3681,-53.3681
474,tapes,-30.6733,-51.3958,22.04,76,100,5.5,-51.3958,-51.3958
475,holualoa,19.6228,-155.9522,22.15,79,75,4.02,-155.9522,-155.9522
476,santa marta de ortigueira,43.6833,-7.85,17.36,72,76,1.79,-7.85,-7.85
477,castillos,-34.1667,-53.8333,11.12,79,100,7.63,-53.8333,-53.8333
478,oyem,1.5995,11.5793,21.57,98,99,1.5,11.5793,11.5793
479,cozumel,20.5083,-86.9458,30.04,84,40,4.12,-86.9458,-86.9458
480,mirnyy,62.5353,113.9611,-26.7,100,26,1.37,113.9611,113.9611
481,sydney mines,46.2367,-60.2177,7.81,82,59,4.47,-60.2177,-60.2177
482,manakara,-22.1333,48.0167,23.81,91,100,2.87,48.0167,48.0167
483,puquio,-14.7,-74.1333,19.3,19,27,5.27,-74.1333,-74.1333
484,rio grande,-32.035,-52.0986,22.06,79,100,7.47,-52.0986,-52.0986
485,ishigaki,24.3448,124.1572,25.7,73,68,8.76,124.1572,124.1572
486,zyryanovsk,49.7386,84.2719,5.54,83,100,3.31,84.2719,84.2719
487,rabaul,-4.1967,152.1721,25.64,83,57,2.92,152.1721,152.1721
488,florence,43.7667,11.25,17.39,76,40,3.6,11.25,11.25
489,kuta,-8.7233,115.1723,26.97,94,20,3.13,115.1723,115.1723
490,marsa alam,25.0757,34.8918,26.71,67,0,0.5,34.8918,34.8918
491,santo domingo de los colorados,-0.25,-79.15,24.6,84,100,1.47,-79.15,-79.15
492,solaro,44.8799,9.1732,14.23,84,0,1.21,9.1732,9.1732
493,sambava,-14.2667,50.1667,24.53,82,4,2.83,50.1667,50.1667
494,katsuren-haebaru,26.3369,127.8719,24.01,79,0,3.09,127.8719,127.8719
495,popondetta,-8.7537,148.2534,21.87,96,100,1.17,148.2534,148.2534
496,ha'il,27.5219,41.6907,23.01,64,20,3.09,41.6907,41.6907
497,dickinson,29.4608,-95.0513,11.2,67,100,6.17,-95.0513,-95.0513
498,xapuri,-10.6517,-68.5044,37.49,29,72,2.5,-68.5044,-68.5044
499,durant,33.994,-96.3708,11.81,46,0,3.6,-96.3708,-96.3708
500,arar,30.9753,41.0381,20.01,73,40,2.06,41.0381,41.0381
501,hilo,19.7297,-155.09,23.68,94,100,3.09,-155.09,-155.09
502,mahajanga,-15.7167,46.3167,27.63,77,5,5.3,46.3167,46.3167
503,maintirano,-18.0667,44.0167,26.0,73,6,3.57,44.0167,44.0167
504,alindao,5.0267,21.2088,24.5,90,92,1.85,21.2088,21.2088
505,chaparral,3.7232,-75.4832,26.0,71,98,1.87,-75.4832,-75.4832
506,sault ste. marie,46.5168,-84.3333,2.16,48,0,1.54,-84.3333,-84.3333
507,yanam,16.7333,82.2167,25.31,70,21,2.35,82.2167,82.2167
508,nuuk,64.1835,-51.7216,14.34,21,75,13.89,-51.7216,-51.7216
509,antalaha,-14.9003,50.2788,23.57,87,2,1.94,50.2788,50.2788
510,zakamensk,50.3741,103.2863,-1.63,87,92,1.23,103.2863,103.2863
511,mbanza-ngungu,-5.25,14.8667,19.92,97,100,1.61,14.8667,14.8667
512,santyoku,37.4406,129.1708,14.39,68,2,3.65,129.1708,129.1708
513,barah,13.7,30.3667,32.91,32,49,1.13,30.3667,30.3667
514,pangody,65.85,74.4859,-11.1,92,100,3.99,74.4859,74.4859
515,belonia,23.2528,91.4514,23.15,87,15,1.04,91.4514,91.4514
516,chamical,-30.36,-66.314,16.94,64,100,3.73,-66.314,-66.314
517,laguna,38.421,-121.4238,19.49,63,0,1.54,-121.4238,-121.4238
518,daru,-9.0763,143.2092,25.08,83,100,5.09,143.2092,143.2092
519,al hudaydah,14.7978,42.9545,29.62,64,14,5.71,42.9545,42.9545
520,kiruna,67.8557,20.2251,-11.49,85,0,0.51,20.2251,20.2251
521,igarka,67.4667,86.5833,-18.04,97,56,2.01,86.5833,86.5833
522,kidal,18.4411,1.4078,33.84,9,3,6.62,1.4078,1.4078
523,ganges,43.9338,3.7078,16.98,81,22,1.46,3.7078,3.7078
524,collie,-33.3667,116.15,9.64,88,0,2.78,116.15,116.15
525,sotnikovskoye,45.0039,43.7772,15.07,71,3,3.44,43.7772,43.7772
526,northam,51.0333,-4.2167,13.14,95,100,4.36,-4.2167,-4.2167
527,paraparaumu,-40.9167,175.0167,14.36,96,65,4.82,175.0167,175.0167
528,nova vicosa,-17.8919,-39.3719,27.52,62,100,4.92,-39.3719,-39.3719
529,zhosaly,45.4878,64.0781,8.8,59,100,4.55,64.0781,64.0781
530,maturin,9.75,-63.1767,28.98,67,100,2.26,-63.1767,-63.1767
531,cedeira,43.6797,-8.0209,16.65,72,84,9.22,-8.0209,-8.0209
532,zhangjiakou,40.81,114.8794,12.3,43,42,0.36,114.8794,114.8794
533,bethlehem,-1.4558,-48.5044,32.02,66,40,2.57,-48.5044,-48.5044
534,chiredzi,-21.05,31.6667,14.88,87,100,2.68,31.6667,31.6667
535,gornozavodsk,58.3758,58.3211,-6.03,99,93,0.49,58.3211,58.3211
536,chipinge,-20.1883,32.6236,12.08,97,98,1.3,32.6236,32.6236
537,chissamba,-12.1667,17.3333,24.38,54,93,2.28,17.3333,17.3333
538,susuman,62.7833,148.1667,-17.23,99,100,1.34,148.1667,148.1667
539,cabugao,17.7931,120.4578,23.63,81,97,2.25,120.4578,120.4578
540,kuraymah,18.55,31.85,31.91,18,0,4.73,31.85,31.85
541,bahia de caraquez,-0.6,-80.4167,29.1,78,100,3.34,-80.4167,-80.4167
542,fortuna,40.5982,-124.1573,10.19,93,0,0.0,-124.1573,-124.1573
543,gurdaha,22.7347,88.7594,27.0,64,8,1.24,88.7594,88.7594
544,haifa,32.8156,34.9892,27.38,48,0,1.54,34.9892,34.9892
545,wichian buri,15.6578,101.106,23.73,89,94,1.6,101.106,101.106
546,honnali,14.25,75.6667,22.38,84,100,2.54,75.6667,75.6667
547,mareeba,-17.0,145.4333,16.4,89,66,0.99,145.4333,145.4333
548,belyy yar,53.6039,91.3903,-2.06,100,100,0.0,91.3903,91.3903
549,terrace,54.5163,-128.6035,4.68,57,100,0.25,-128.6035,-128.6035
550,dhangadhi,28.7079,80.5961,21.68,64,65,1.99,80.5961,80.5961
551,kalmunai,7.4167,81.8167,26.08,85,56,1.32,81.8167,81.8167
552,shetpe,44.1667,52.1167,14.13,46,24,3.46,52.1167,52.1167
553,pirallahi,40.4723,50.333,17.08,77,46,6.78,50.333,50.333
554,portland,45.5234,-122.6762,10.83,61,75,6.71,-122.6762,-122.6762
555,karratha,-20.7377,116.8463,25.32,67,0,6.48,116.8463,116.8463
556,banmankhi,25.8833,87.1833,23.08,71,71,1.93,87.1833,87.1833
557,taroa,8.7058,171.2275,27.92,80,100,7.73,171.2275,171.2275
558,faxinal,-24.0003,-51.3194,16.57,98,100,0.66,-51.3194,-51.3194
559,callao,-12.0667,-77.15,21.16,73,75,4.63,-77.15,-77.15
560,saida,34.8303,0.1517,22.97,32,100,2.1,0.1517,0.1517
561,berezovyy,51.6667,135.7,-2.66,56,100,0.68,135.7,135.7
562,kapa'a,22.0752,-159.319,22.18,84,20,2.57,-159.319,-159.319
563,ilheus,-14.7889,-39.0494,27.86,58,69,4.64,-39.0494,-39.0494
564,lawas,13.764,121.0566,24.99,81,100,1.93,121.0566,121.0566
565,tokar,18.4254,37.729,29.91,66,88,6.09,37.729,37.729
566,tarawa,1.419,172.984,27.05,89,75,1.54,172.984,172.984
567,hotan,37.0997,79.9269,14.65,19,38,2.11,79.9269,79.9269
568,sungailiat,-1.85,106.1333,27.33,79,58,2.76,106.1333,106.1333
569,zouerate,22.7187,-12.4521,35.88,9,0,2.24,-12.4521,-12.4521
570,miandoab,36.9694,46.1027,14.95,56,100,1.29,46.1027,46.1027
571,sabha,27.0377,14.4283,25.96,22,0,3.25,14.4283,14.4283
572,gisborne,-38.6533,178.0042,15.64,98,99,2.06,178.0042,178.0042
573,porto novo,6.4965,2.6036,28.36,66,100,0.91,2.6036,2.6036
574,saint-francois,46.4154,3.9054,13.14,77,0,2.06,3.9054,3.9054
575,meadow lake,34.8014,-106.5436,9.48,34,0,1.34,-106.5436,-106.5436
576,arkhangel'sk,64.5401,40.5433,-4.93,92,96,2.98,40.5433,40.5433
577,altamont,42.2068,-121.7372,7.66,62,0,0.89,-121.7372,-121.7372
578,kruisfontein,-34.0033,24.7314,16.01,78,77,7.15,24.7314,24.7314
579,lopatinskiy,55.3406,38.7256,8.65,85,100,1.79,38.7256,38.7256
580,sarnia,42.9787,-82.4041,5.53,57,75,3.13,-82.4041,-82.4041
581,sabang,5.8933,95.3214,27.74,77,100,5.37,95.3214,95.3214
582,cartagena del chaira,1.3349,-74.8429,36.2,36,75,1.94,-74.8429,-74.8429
583,demba,-5.51,22.2667,21.45,97,97,1.95,22.2667,22.2667
584,labytnangi,66.6572,66.4183,-10.56,97,99,1.29,66.4183,66.4183
585,mallow,52.1333,-8.6333,11.57,98,100,7.29,-8.6333,-8.6333
586,crane,31.3974,-102.3501,9.17,31,0,2.24,-102.3501,-102.3501
587,kuanda,56.3161,116.0806,-16.22,86,66,0.39,116.0806,116.0806
588,las margaritas,16.3167,-91.9833,21.84,50,80,3.14,-91.9833,-91.9833
589,na wa,17.4897,104.1006,21.64,85,27,2.31,104.1006,104.1006
